<?xml version="1.0" encoding="UTF-8"?>
<!DOCTYPE configuration PUBLIC "-//mybatis.org//DTD Config 3.0//EN" 
"http://mybatis-3-config.dtd" >

<!-- 通过这个配置文件完成mybatis与数据库的链接 -->
<configuration>
	<!-- 引入db.properties文件 -->
	<properties resource="db.properties"></properties>
	<!-- 配置mybatis的log实现为LOG4J -->
	<settings>
		<setting name="logImpl" value="LOG4J"/>
	</settings>
	<!-- 类型别名 -->
	<typeAliases>
		<package name="com.system.pojo"/>
	</typeAliases>
	
	<environments default="development">
		<environment id="development">
			<!-- 配置事务管理，采用JDBC的事务管理 -->
			<transactionManager type="JDBC"/>
			<!-- POOLED:mybatis自带的数据源，JNDI:基于tomcat的数据源 -->
			<dataSource type="POOLED">
			<property name="driver" value="${driver}"/>
			<property name="url" value="${url}"/>
			<property name="username" value="${username}"/>
			<property name="password" value="${password}"/>
			</dataSource>
		</environment>
	</environments>
	
	<!-- 将mapper文件加入到配置文件中 -->
	<mappers>
		<mapper resource="com/system/mapper/DetailsMapper.xml"/>
		<mapper resource="com/system/mapper/RefundMapper.xml"/>
		<mapper resource="com/system/mapper/RegistrationMapper.xml"/>
		<mapper resource="com/system/mapper/StockMapper.xml"/>
		<mapper resource="com/system/mapper/SupplierMapper.xml"/>
		<mapper resource="com/system/mapper/UserMapper.xml"/>
	</mappers>
	
</configuration>
